,Name,Title,Description,Size,Date,Price,Material,Paint,Type,Place,SEO Title,SEO Description,SEO Keywords
,air_black_horizont,Атлантический океан,"На полотне ночное море захватывает зрителя своей величественной тишиной и загадочностью. Главная волна, словно яркое дыхание моря, закручивается к центру, переливаясь светом луны. Монохромные оттенки черного и серого подчеркивают драматизм момента, создавая ощущение глубокой связи с первозданной природой. Лунное сияние и легкое движение облаков образуют завораживающий контраст, погружая в атмосферу мечтательности и уединения. Каждый штрих передает динамику и силу стихии, а внимательное рассмотрение деталей приглашает к размышлениям о вечности и красоте ночного мира.",88.5x49x5 cm,02.08.2024,50000,Холст,акрил,аэрография,Africa,Ночное морское пространство с волной и луной в черно-белых тонах,Картина изображает мистическую ночь на море с волной и луной. Откройте для себя атмосферу уединения и величия природы.,"ночное море, волна, луна, черно-белая картина, мистическая атмосфера, природа, свет и тьма, художественное произведение, текстура воды, облака"
,air_black_right,Атлантика. Правый берег.,"Ночной пейзаж, погружённый в приглушённые чёрно-серые оттенки, обретает магическую ауру благодаря мощной волне, словно застывшей в динамике, и полной луне, освещающей облака. Каждая деталь, от серебристых штрихов на воде до трепещущих пальм, создаёт ощущение таинственного уединения. Эта картина, обладающая глубиной и текстурой, наполнит пространство атмосферой силы природы и глубоких размышлений. Оригинал, выполненный вручную, дарит уникальную энергетику, способную вдохновлять и завораживать.",50x32.5 cm,04.09.2024,35000,Холст,акрил,аэрография,Africa,Ночной пейзаж с луной и волнами на тропическом острове,"Загадочный ночной пейзаж с луной, волнами и пальмами. Откройте для себя атмосферу таинственного побережья.","ночной пейзаж, полная луна, волны, пальмы, тропический остров, мистическая атмосфера, море, облака, свет и тень"
,air_black_left,Атлантика. Левый берег.,"Величественный ночной морской пейзаж погружает в атмосферу загадочности и умиротворения. Яркая луна, окутанная причудливыми облаками, служит центральным элементом, ее холодный свет мягко подсвечивает динамичную волну, готовую сомкнуться в тоннель. Текстура воды, переливающаяся в градациях черного, серого и белого, создает ощущение глубины и движения, в то время как тёмные силуэты на краю напоминают о тропическом берегу. Эта картина  вызывает вдохновение и меланхолию, позволяя погрузиться в красоту природы и ее загадочные тайны.",50x32.5 cm,19.08.2024,35000,Холст,акрил,аэрография,Africa,ночной морской пейзаж с луной и волнами,Загадочный ночной морской пейзаж с луной и волнами. Откройте для себя атмосферу спокойствия и величия природы.,"ночной пейзаж, луна, морская волна, облака, отражение, природа, спокойствие, загадочность, красота"
,air_wave_monochrome,Арабская волна,"На картине запечатлен таинственный ночной пейзаж, окутанный атмосферой загадки и спокойствия. Монохромная палитра серых и черных оттенков создает глубину и объем, а яркий диск Луны в центре излучает мягкий свет, обрамленный воздушными облаками, напоминающими кружево. Их текстура добавляет композиции легкости и эфемерности, создавая иллюзию движущейся ночи. Вода, отражающая лунный свет, словно живая, с легкой рябью, а темные силуэты ветвей по краям придают ощущение уединения. Эта работа, выполненная на холсте, становится не просто украшением, а источником умиротворяющей энергии, способной погрузить зрителя в мир размышлений и тишины.",32x18.8 cm,15.07.2025,7500,Холст,акрил,аэрография,Africa,Монохромный пейзаж с Луной и отражением на воде,"Откройте для себя мистический пейзаж с Луной, облаками и водной гладью, создающий атмосферу уединения и покоя.","пейзаж, Луна, облака, вода, ночной, мистический, тишина, покой, абстракция, искусство"
,air_night_ocean,Ночной океан,"На картине запечатлён момент таинственной ночи у моря, где мрак неба сливается с тёмной гладью воды. Облака, будто живые, стремительно движутся, и лишь лунный свет, пробиваясь сквозь них, оставляет след в виде нежной полосы на поверхности. Глубокие синие и зелёные оттенки создают ощущение прохлады, а мягкие мазки передают текстуру волн и песка. Уединённость сцены наполняет атмосферу меланхолией, а отсутствие людей делает её ещё более загадочной. Это произведение способно стать ярким элементом в вашем интерьере, привнося в пространство спокойствие и глубокие эмоции. Оригинальность ручной работы и авторская идея придают картине ценность, позволяя зрителю ощутить себя частью этой ночной гармонии.",16x13.5 cm,23.06.2025,3500,Холст,акрил,аэрография,Africa,Ночная морская сцена с луной и облаками,Уникальная картина ночного моря с таинственным небом и отражением луны. Откройте для себя атмосферу спокойствия и уединения.,"ночной пейзаж, море, луна, облака, отражение, атмосфера, спокойствие, тишина, природа"
,air_wave_redsunset,Волна заката,"На картине запечатлён тропический пейзаж в момент, когда день встречается с ночью. Силуэты пальм, наклонённые к центру, создают естественную рамку для яркого солнца, которое словно растворяется в небесной палитре: от жёлтого до бордового. Тёплые оттенки фона пронизывают атмосферу спокойствия и мечтательности. Геометрические узоры, наложенные на поверхность, добавляют элемент загадочности и искусственности, придавая работе уникальность. Текстура холста, с её зернистостью, словно приглашает погрузиться в этот мир, где время замирает, а природа говорит на языке света и цвета.",32x18.8 cm,23.06.2025,7500,Холст,акрил,аэрография,Africa,Умиротворяющий пейзаж заката на тропическом побережье,"Яркий пейзаж заката с пальмами и морем, передающий атмосферу спокойствия и гармонии. Откройте для себя магию природы.","пейзаж, закат, тропическое побережье, пальмы, море, орнамент, атмосфера, гармония, природа, искусство"
,air_wave_midnight,Атлантика в полночь,"На картине запечатлён фэнтезийный ночной пейзаж, где величественные волны, накатывающие на берег, словно замерли в моменте. Их гребни переливаются сиреневыми, зелёными и розовыми оттенками, создавая иллюзию магического света. Лунный свет, отражаясь в океане, придаёт сцене мистическую глубину, а тёмные силуэты пальм, грациозно раскинувших ветви, усиливают ощущение экзотического уединения. Размытые облака над головой, окрашенные в яркие цвета, создают атмосферу сновидения, где время теряет своё значение. Эта картина не просто украшение интерьера, а приглашение в мир фантазии и спокойствия, способное наполнять пространство гармонией и вдохновением.",32x23.6 cm,11.11.2025,17500,Бумага,акрил,аэрография,Africa,Загадочный тропический ночной пейзаж с луной и волнами,Откройте для себя атмосферный тропический пейзаж с мистическими волнами и яркой луной. Погрузитесь в мир волшебства и спокойствия.,"тропический пейзаж, ночной пейзаж, луна, волны, пальмы, мистическая атмосфера, цветные облака, сюрреализм, фэнтези, магия"
,air_wave_sunrise,Атлантика на рассвете,"На картине запечатлён волшебный момент заката, когда природа словно замирает в ожидании ночи. Величественная волна, свернувшаяся в трубку, излучает золотистый свет, создавая эффект внутреннего сияния. Гладь воды отражает тёплые оттенки, а тропический утёс с пальмами добавляет экзотики и глубины. Тонкие линии и мягкие мазки придают сцене романтическую атмосферу, позволяя зрителю ощутить умиротворение. Оригинальность работы заключается в мастерском сочетании цвета и света, что делает её идеальным выбором для вашего интерьера. Гарантированно наполнит пространство теплом и гармонией.",31.6x23.6 cm,18.11.2025,17500,Бумага,акрил,аэрография,Africa,прибрежный пейзаж с закатом и волной на берегу,Картина с живописным пейзажем заката и мощной волной. Откройте для себя атмосферу спокойствия и гармонии природы.,"прибрежный пейзаж, закат, волна, тропическая природа, пальмы, гармония, свет, цвет, спокойствие, атмосфера"
,sun_illusion,Солнечная иллюзия,"На картине представлен морской пейзаж, в котором волна, словно застывшая в моменте, заполняет пространство своим плавным изгибом. Тёмно-зелёные оттенки воды контрастируют с переливами изумрудного и бирюзового, придавая ощущение свежести. Небо, окутанное теплыми оранжевыми и розовыми тонами, создаёт атмосферу рассвета, а мягкое свечение солнца, окружённое абстрактными узорами, добавляет загадочности. Эта работа, с её рельефной текстурой и гармонией цветов, станет незаменимым предметом в вашем интерьере, принося умиротворение и вдохновение. Оригинальность ручной работы и глубина идеи делают картину уникальным произведением искусства.",29.2x16.2 cm,18.05.2025,7500,Холст,акрил,"аэрография, кисть",Africa,Морской пейзаж с волной и солнечным светом,Откройте для себя живописный морской пейзаж с волной и загадочным светом. Насладитесь гармонией природы и художественной абстракцией.,"морской пейзаж, волна, солнце, абстракция, живопись, природа, гармония, свет, текстура, атмосфера"
,ocean_wave,Океанская волна,"На картине изображён завораживающий ночной тропический пейзаж, где основным героем становится океанский прибой. Его сине-голубые волны излучают магическое свечение, контрастируя с тёмным небом и ярко-белыми брызгами. Стройные пальмы, изгибающиеся под лёгким ветром, добавляют динамики и создают уютный каркас композиции. Насыщенные синие и фиолетовые оттенки неба, украшенные яркой луной и звёздами, погружают в атмосферу умиротворения и мечты. Эта картина дарит ощущение спокойствия и глубины природы. Оригинальная ручная работа передаёт уникальную энергетику ночи, наполняя пространство живостью и романтикой.",28.9x17.8 cm,12.03.2025,35000,Холст,акрил,"аэрография, кисть",Africa,Ночной тропический пейзаж с луной и пальмами у океана,"Откройте для себя магию ночного тропического пейзажа с волнами, луной и пальмами. Погрузитесь в атмосферу спокойствия и уединения.","тропический пейзаж, ночное небо, луна, пальмы, океан, волны, звёзды, искусство, живопись, природа"
,mediterrain_sea,Средиземное море,"На картине запечатлён морской пейзаж, полный ярких контрастов и глубоких эмоций. Передний план оживляет море, где волны, переливаясь оттенками синего и зелёного, создают ощущение движения. Силуэт старинного корабля, почти неподвижного на фоне яркого заката, вносит нотку романтики и тайны. Солнечный диск разливает свет, окрашивая облака в тёплые тона, а берег, покрытый разноцветным песком, добавляет уют. Эта работа, созданная акрилом, не только привносит атмосферу спокойствия в интерьер, но и становится центром притяжения взглядов, благодаря своей глубине и текстуре.",50x35.6 cm,28.05.2025,50000,Холст,акрил,"кисть, аэрограф",Africa,Морской пейзаж с кораблем на закате: красота природы,"Уникальный морской пейзаж с яркими цветами, старинным кораблем и атмосферой заката. Откройте для себя гармонию природы и спокойствие момента.","морской пейзаж, закат, корабль, природа, акрил, волны, свет, облака, берег, спокойствие"
,the_beach,Пляж,"На этом холсте развертывается живописный морской пейзаж, который притягивает взгляд своей мягкой гармонией и насыщенными цветами. Песчаный берег, словно обнявший море, плавно переходит в зелёные скалы и густую растительность, создавая контраст между теплом земли и прохладой воды. Яркие бирюзовые и насыщенные коричневые оттенки передают ощущение свежести, а белые мазки волн придают динамику. Эта картина, выполненная с любовью и мастерством, наполнит пространство умиротворением и светом.",30x23.5 cm,15.03.2025,35000,Холст на картоне,акрил,"кисть,аэрограф",Africa,Морской пейзаж: гармония природы и яркие цвета,Откройте для себя живописный морской пейзаж с песчаным берегом и зелеными пальмами. Почувствуйте атмосферу спокойствия и уединения.,"морской пейзаж, песчаный берег, природа, акрил, масляные краски, пальмы, горы, светотень, гармония, спокойствие"
,expression_wave,Волна экспрессии.,"На картине запечатлён волнующий момент заката, где природа раскрывается в своём великолепии. Центральная волна, разбивающаяся о берег, выполнена в ярких голубых и белых тонах, словно стремится передать динамику моря. Песок, окрашенный в рыжие и жёлтые оттенки, отражает солнечное сияние, создавая ощущение уюта и тепла. Высокая скала с пальмами придаёт композиции глубину, а разнообразие зелени добавляет немного сказочной ноты. Небо, играя яркими цветами, словно оживляет вечернюю атмосферу, приглашая к размышлениям о красоте мгновения. Эта картина станет эмоциональным акцентом в интерьере, наполняя пространство светом и гармонией природы.",20.1x14.2 cm,04.10.2025,2500,Бумага,,цветные карандаши,Africa,Красочный пейзаж заката у моря с волной и пальмами,"Уникальный пейзаж заката на пляже, где волны разбиваются о берег. Откройте для себя красоту природы и атмосферу южного вечера.","пейзаж, закат, море, волна, пляж, пальмы, природа, искусство, цветные карандаши, пастель"
,pencil_wave,Волна карандашами.,"Картина, созданная с использованием цветных карандашей и чернил, представляет собой завораживающий тропический пейзаж, который словно приглашает в мир мечты. Яркие оттенки голубого, бирюзового и оранжевого создают ощущение легкости и тепла, в то время как плавные линии волн и песка передают динамику природы. Декоративная рамка из переплетающихся листьев добавляет глубину и выразительность, подчеркивая уникальность работы. Это произведение станет акцентом в интерьере, наполняя пространство атмосферой умиротворения и сказочности. Оригинальность ручной работы и авторская идея делают его ценным вложением для ценителей искусства.",23.1x15.9 cm,01.04.2025,15000,Бумага,,"цветные карандаши, линер, маркер",Africa,Тропический морской пейзаж с яркой рамкой и волшебной атмосферой,Откройте для себя тропический пейзаж с яркими цветами и уникальной рамкой. Эта картина погружает в мир гармонии и красоты природы.,"тропический пейзаж, морской пейзаж, картина, закат, природа, цветные карандаши, рамка, волны, пляж, художник Navarette"
,pencil_color_waterfall,Водопад. Набросок цветными карандашами.,"На небольшом рисунке, выполненном цветными карандашами, запечатлен водопад, стремящийся вниз по темной скале, обрамленной зеленью. Светлые оттенки желтого и голубого в верхней части создают атмосферу солнечного света, пробивающегося сквозь листву, в то время как на переднем плане играют цвета воды — синие, фиолетовые и коричневые, отражающие окружающий мир. Энергия потока и игра света передают ощущение свежести и гармонии природы. Подпись автора добавляет индивидуальности, делая этот рисунок уникальным акцентом в интерьере, способным наполнять пространство умиротворением и живостью.",20.2x14.2 cm,17.05.2025,3500,Бумага,,цветные карандаши,Africa,Пейзаж с водопадом: яркий рисунок цветными карандашами,"Исследуйте живописный рисунок водопада, наполненный светом и цветом. Откройте для себя гармонию природы и умиротворение.","водопад, пейзаж, рисунок, цветные карандаши, природа, лето, свет, тень, экспрессивность, гармония"
,tropical_waterfall,Тропический водопад,"Творение ANAHART, созданное в 2025 году, оживляет тропический пейзаж, где каждая деталь дышит природной гармонией. Ручная работа художника заполняет холст яркими оттенками зелени, бирюзовых вод и золотистого песка, создавая ощущение прохлады и уюта. Водопады каскадом спускаются по склонам, привнося динамику в умиротворённую сцену. Мягкий свет, проникающий сквозь облака, наполняет пространство теплом, а отсутствие людей лишь усиливает чувство изоляции и покоя. Эта картина способна вдохновлять и напоминать о красоте природы.",39.6x34.3 cm,21.05.2025,35000,Холст,акрил,"кисть, аэрограф, маркер",Africa,Тропический пейзаж: гармония природы и яркие цвета,Откройте для себя тропический пейзаж с водопадами и яркими цветами. Картина передает величие природы и атмосферу спокойствия.,"тропический пейзаж, водопады, природа, картина, яркие цвета, гармония, холмы, море, спокойствие, художник"
,pencil_marrakech,Окраины Мараккеша.,"На этом ярком рисунке, выполненном цветными карандашами, оживает марокканская сцена, наполненная жизнью и историей. Центральная крепостная стена, изображенная в теплых оттенках охры и терракоты, словно охраняет это место, создавая атмосферу защищенности. За ней раскинулись стройные пальмы, их пышные кроны добавляют экзотики и динамики. Величественные горы на заднем плане, выполненные в пастельных тонах, подчеркивают масштаб и красоту пейзажа. Чистое голубое небо усиливает ощущение солнечного спокойствия. Эта работа станет акцентом в интерьере, привнося в него тепло и гармонию, а ручная техника исполнения подчеркивает уникальность и авторскую идею.",20x14.2 cm,28.05.2025,2500,Бумага,,цветные карандаши,Africa,живописный рисунок марокканского города с крепостной стеной,"Откройте для себя красоту марокканского пейзажа с крепостной стеной, пальмами и горами. Погрузитесь в атмосферу гармонии и спокойствия.","марокко, крепостная стена, пальмы, горы, природа, архитектура, пейзаж, цветные карандаши, рисунок, искусство"
,plain_sunset,Закат. С натуры.,"На картине изображён живописный атлантический закат, выполненный широкими мазками, которые погружают в атмосферу вечернего покоя. Солнце, частично скрытое горизонтом, излучает светло-жёлтые лучи, создавая ощущение тепла и уюта. Насыщенные оттенки рыжего и оранжевого в небе контрастируют с глубокими синими и зелёными волнами воды, отражающими этот огненный спектр. Грубые чёрные мазки на переднем плане, скорее всего, символизируют берег, добавляя глубину и укрывая в себе тени. Эта работа, свободная от деталей, акцентирует внимание на эмоциях и взаимодействии света и цвета, идеально впишется в интерьер, привнося нотку умиротворения и визуальной динамики.",20x14 cm,25.05.2025,1500,Бумага,акрил,кисть,Africa,Атлантический закат: живописный пейзаж с водой и солнцем,Картина изображает вечерний закат над водой с яркими цветами и динамичными мазками. Откройте для себя атмосферу умиротворения и природной красоты.,"закат, пейзаж, вода, солнце, мазки, живопись, природа, вечер, атмосфера, импрессионизм"
,plain_kasbah,Бухта в Касба. С натуры. Марокко,"На картине, запечатлевшей морское побережье в ясный солнечный день, ощущается мощь и гармония природы. Насыщенные синие и бирюзовые оттенки воды, динамичные белые мазки волн создают живое ощущение движения, в то время как мягкие коричневые и зеленые тона берега придают глубину. Прозрачное небо с едва заметными облаками и лучами света наполняет сцену теплом и легкостью. Эта работа не только украшает интерьер, но и погружает в атмосферу умиротворения и свободы, позволяя зрителю стать частью этой безмолвной красоты. Оригинальная ручная работа художника передает уникальную энергию, которую невозможно воспроизвести.",20x14.2 cm,05.09.2025???,7500,Бумага,акрил,кисть,Africa,живописное морское побережье в ярких цветах,"Картина изображает морское побережье с волнами и берегом, создавая атмосферу умиротворения и свежести. Откройте для себя красоту природы.","морское побережье, волны, береговая линия, пейзаж, природа, умиротворение, свежесть, свет, цвет, текстура"
,plain_beach_morocco,Пляж в Марокко. С натуры.,"На картине, изображающей пляж в Марокко, пленэрная техника создает атмосферу легкости и умиротворения. Три горизонтальных слоя — зелёный берег, холодное синее море и нежное небо — плавно переходят друг в друга, словно дышат. Мазки акварели передают текстуру травы и движения воды, а туманные оттенки жёлтого и зелёного вокруг солнца создают ощущение раннего утра или заката. Эта работа, свободная от людского присутствия, приглашает зрителя насладиться гармонией природы, привнося в интерьер спокойствие и тепло. Оригинальная ручная работа художника Anahart, с её глубиной и эмоциональностью, станет акцентом в любом пространстве.",20x14 cm,25.05.2025,4500,Бумага,акрил,кисть,Africa,Пейзажная картина Атлантического океана в Марокко,"Откройте для себя живописный пейзаж с берегом, морем и солнцем. Эта картина передает атмосферу спокойствия и гармонии природы.","пейзаж, Атлантический океан, Марокко, акварель, природа, спокойствие, солнце, берег, живопись, художественное произведение"