Name,Title,Description,Size,Date,Price,Material,Paint,Type,Place,SEO Title,SEO Description,SEO Keywords
berezki_zima,Березки зимой,"На картине зима предстает в своей тихой красоте через призму берёз, изящно стоящих на переднем плане. Их белая кора с чёрными полосами словно рассказывает о суровой зиме, а голые ветви подчеркивают одиночество сезона. Центральное дерево с остатками жёлтых листьев добавляет яркий акцент, контрастируя с мягким снежным покровом. Лёгкие голубые и белые оттенки создают атмосферу свежести и безмятежности, где каждый мазок передаёт текстуру снега и спокойствие зимнего дня. Эта работа станет изысканным акцентом в интерьере, привнося ощущение уединения и гармонии с природой. Оригинальность и ручная работа художника делают её ценным дополнением любой коллекции.",17x13.9 cm,20.03.2025,5000,Холст,акрил,кисть,Africa,Зимний пейзаж с берёзами и ручьём в реалистичном стиле,"Откройте для себя зимний пейзаж с берёзами, ручьём и холмами. Насладитесь атмосферой свежести и спокойствия в этом реалистичном произведении.","зимний пейзаж, берёзы, ручей, снег, холмы, реалистичная живопись, природа, тишина, свежесть, гармония"
shiva_hanuman,Шива и Хануман,"На полотне, выполненном в индийском стиле, сливаются образы Шивы и Ханумана, создавая мощный символ единства. Глубокий синий фон, усыпанный звёздами, окружает фигуры, усиливая ощущение мистики. Яркие цвета — от насыщенного голубого до золотистого — наполняют картину энергией и теплом. Тщательная прорисовка деталей, от украшений до динамичных волос, передаёт богатство текстур и глубину. Огонь лампады в нижней части притягивает взгляд, символизируя духовное очищение. Это произведение определенно наполняет пространство гармонией и умиротворением.",26.2x18.2 cm,08.03.2025,35000,Холст,акрил,кисть,Africa,Картина Шивы и Ханумана в индийском стиле,"Изучите уникальную картину, объединяющую образы Шивы и Ханумана, полную символики и духовного света.","Шива, Хануман, индийский стиль, картина, духовность, символика, искусство, мифология, цвет, текстура"
nataraj_shiva,Танец с Шивой,"На полотне раскрывается гармония между природой и мифологией: статуя танцующего Шивы Натараджа, величественно выделяясь на фоне горного массива, словно воплощает вечный цикл жизни. Коричнево-золотистые оттенки постамента и тёмные силуэты хвойных деревьев подчеркивают сакральность момента. Нежные розовые и голубые тона неба создают атмосферу утреннего покоя, наполняя пространство легкой мистикой. Энергия картины выражается в динамике движения Шивы, а его сияющая ореольная рамка акцентирует единство разрушения и созидания. Этот арт может стать источником вдохновения и умиротворения. Подпись художника добавляет индивидуальности, делая каждый взгляд на картину уникальным.",34.3x26 cm,16.03.2025,17000,Холст,акрил,"кисть, аэрограф",Africa,Шива Натараджа: мистический пейзаж в масляной живописи,Изучите картину с Шивой Натараджа в окружении величественных гор и леса. Откройте для себя атмосферу спокойствия и гармонии.,"Шива, Натараджа, масляная живопись, пейзаж, горы, лес, мифология, искусство, духовность, гармония"
tropical_waterfall,Тропический водопад,"Творение ANAHART, созданное в 2025 году, оживляет тропический пейзаж, где каждая деталь дышит природной гармонией. Ручная работа художника заполняет холст яркими оттенками зелени, бирюзовых вод и золотистого песка, создавая ощущение прохлады и уюта. Водопады каскадом спускаются по склонам, привнося динамику в умиротворённую сцену. Мягкий свет, проникающий сквозь облака, наполняет пространство теплом, а отсутствие людей лишь усиливает чувство изоляции и покоя. Эта картина способна вдохновлять и напоминать о красоте природы.",39.6x34.3 cm,21.05.2025,35000,Холст,акрил,"кисть, аэрограф, маркер",Africa,Тропический пейзаж: гармония природы и яркие цвета,Откройте для себя тропический пейзаж с водопадами и яркими цветами. Картина передает величие природы и атмосферу спокойствия.,"тропический пейзаж, водопады, природа, картина, яркие цвета, гармония, холмы, море, спокойствие, художник"
kali_mata,Богиня Кали,"На этой яркой картине царит атмосфера мощи и загадочности. Центральный элемент — величественная корона, насыщенная теплой палитрой красного, оранжевого и желтого, словно излучающая свет. Каждый элемент орнамента, от круглых до каплевидных форм, словно дышит роскошью. Вокруг короны плавно переходящие цвета создают ощущение мистического сияния.

Динамика изображения подчеркнута волнообразными черными волосами, в которых асимметрично вплетены стилизованные черепа, добавляющие налет таинственности. Внизу, шикарное ожерелье с крупными бусинами и алым камнем завершает композицию, создавая иллюзию объема и богатства.

Эта работа не просто картина, а магический оберег, способный наполнить пространство энергией и глубиной. Каждый штрих и деталь говорят о мастерстве художника, а сочетание мифологических мотивов и яркой палитры делает её уникальным акцентом в интерьере.",27x17.3 cm,25.04.2025,35000,Холст,акрил,кисть,Africa,Яркая картина с короной и черепами: мифология и сила,"Исследуйте картину с короной, черепами и ожерельем, отражающую мифологические мотивы и мощь женского образа. Откройте для себя её тайны.","картина, корона, черепа, ожерелье, мифология, женский образ, акрил, масло, искусство, символизм"
gornaya_polyana,Горная поляна,"На картине разверзается величественный горный пейзаж, где высокие хвойные деревья, словно стражи природы, устремляются к небу. Их густая зелень контрастирует с бледно-голубыми и белыми вершинами гор, окутанными легким туманом. Тонкая проработка ветвей и текстуры земли создает ощущение живой природы, а мягкие цветовые переходы наполнены свежестью горного утра. Эта картина приносит атмосферу умиротворения и гармонии, приглашая остановиться и насладиться красотой дикой природы.",26.5x18.3 cm,13.03.2025,17500,Холст,акрил,"кисть, аэрограф, маркер",Africa,Горный пейзаж с хвойными деревьями и снежными вершинами,Откройте для себя умиротворяющий горный пейзаж с величественными деревьями и снежными горами. Насладитесь красотой природы и её гармонией.,"горный пейзаж, хвойные деревья, снежные горы, природа, акриловая живопись, туман, утренний свет, гармония, спокойствие"
atlas_lion,Атласский лев,"В центре картины — величественный лев, запечатлённый в момент ярости. Его морда, выразительная и детализированная, словно притягивает взгляд, а раскрывшаяся пасть с острыми клыками внушает страх. Глаза пылают красно-оранжевым огнём, контрастируя с темным фоном, который создает атмосферу таинственности и угрозы. Грива льва, выполненная в теплых коричневых оттенках, словно живёт своим жизненным движением. Это произведение не просто изображение, а глубокий символ внутренней силы и дикой природы, способный наполнять интерьер энергией и драматизмом. Каждый штрих художника — это уникальная авторская интерпретация, которая оставляет сильное впечатление.",52x51.3,14.05.2025,30000,Холст,акрил,"кисть, аэрограф, маркер",Africa,Эмоциональный портрет льва: сила и ярость в искусстве,"Откройте для себя мрачный и выразительный портрет льва, наполненный эмоциями и драматизмом. Узнайте, как художник передал его мощь.","лев, портрет, искусство, эмоции, ярость, сила, художественная композиция, мрачное настроение, выразительность, цветовая палитра"
air_wave_monochrome,Арабская волна,"На картине запечатлен таинственный ночной пейзаж, окутанный атмосферой загадки и спокойствия. Монохромная палитра серых и черных оттенков создает глубину и объем, а яркий диск Луны в центре излучает мягкий свет, обрамленный воздушными облаками, напоминающими кружево. Их текстура добавляет композиции легкости и эфемерности, создавая иллюзию движущейся ночи. Вода, отражающая лунный свет, словно живая, с легкой рябью, а темные силуэты ветвей по краям придают ощущение уединения. Эта работа, выполненная на холсте, становится не просто украшением, а источником умиротворяющей энергии, способной погрузить зрителя в мир размышлений и тишины.",32x18.8 cm,15.07.2025,7500,Холст,акрил,аэрография,Africa,Монохромный пейзаж с Луной и отражением на воде,"Откройте для себя мистический пейзаж с Луной, облаками и водной гладью, создающий атмосферу уединения и покоя.","пейзаж, Луна, облака, вода, ночной, мистический, тишина, покой, абстракция, искусство"
air_night_ocean,Ночной океан,"На картине запечатлён момент таинственной ночи у моря, где мрак неба сливается с тёмной гладью воды. Облака, будто живые, стремительно движутся, и лишь лунный свет, пробиваясь сквозь них, оставляет след в виде нежной полосы на поверхности. Глубокие синие и зелёные оттенки создают ощущение прохлады, а мягкие мазки передают текстуру волн и песка. Уединённость сцены наполняет атмосферу меланхолией, а отсутствие людей делает её ещё более загадочной. Это произведение способно стать ярким элементом в вашем интерьере, привнося в пространство спокойствие и глубокие эмоции. Оригинальность ручной работы и авторская идея придают картине ценность, позволяя зрителю ощутить себя частью этой ночной гармонии.",16x13.5 cm,23.06.2025,3500,Холст,акрил,аэрография,Africa,Ночная морская сцена с луной и облаками,Уникальная картина ночного моря с таинственным небом и отражением луны. Откройте для себя атмосферу спокойствия и уединения.,"ночной пейзаж, море, луна, облака, отражение, атмосфера, спокойствие, тишина, природа"
montlake,Горное озеро,"На картине запечатлён величественный горный пейзаж, где заснеженные вершины величественно поднимаются к ясному небосводу. Сочетание голубого и белого создает ощущение свежести и высоты, в то время как зелёные и жёлтые мазки хвойных деревьев на переднем плане добавляют динамики и жизни. Успокаивающая гладь водоёма отражает красоту окружающего мира, создавая эффект лёгкой ряби. Эта работа, выполненная с заметной экспрессивностью, наполняет пространство гармонией и вдохновением, становясь акцентом в интерьере, который приглашает насладиться природной красотой и умиротворением. Подпись художника завершает уникальность произведения, подчеркивая его авторскую индивидуальность.",16x13.5 cm,21.06.2025,3500,Холст,акрил,кисть,Africa,Горный пейзаж с заснеженными вершинами и лесом,Эта живописная картина передает величие природы с горными массивами и спокойной водой. Откройте для себя красоту горного пейзажа.,"горный пейзаж, заснеженные горы, хвойный лес, озеро, природа, живопись, масло, акрил, свет и тень, отражение"
mountain_forest,Горный лес,"На картине запечатлён величественный горный пейзаж, где высокие хвойные деревья, словно стражи, охраняют спокойствие природы. Центральное дерево, наклонённое и полное жизни, притягивает взгляд тёплыми жёлтыми оттенками на своей зелёной кроне. Поляна на переднем плане, покрытая разноцветной травой, излучает уют, создавая гармонию с холодными синими горами на заднем плане, окутанными лёгкой дымкой. Мягкие облака на небе придают картине атмосферу умиротворения и глубины. Это произведение — идеальный предмет интерьера, способный наполнять пространство свежестью и вдохновением, а также погружать в размышления о красоте дикой природы.",25.5x14.6 cm,11.06.2025,17500,Холст,акрил,"кисть, аэрография",Africa,Горный пейзаж с хвойными деревьями и спокойным небом,"Откройте для себя умиротворяющий горный пейзаж с елями, холмами и мягким небом. Погрузитесь в атмосферу природы и спокойствия.","горный пейзаж, хвойные деревья, ели, холмы, небо, природа, умиротворение, живопись, масляные краски, атмосфера"
mountain_waterfall,Горный водопад,"Картина, полная живописной энергии, переносит зрителя в мир, где природа раскрывает свои тайны. В центре композиции водопад, стремительно падающий с высоты, олицетворяет движение и силу воды. Бело-голубые мазки передают её прозрачность и пену, создавая ощущение лёгкости. Сочные зелёные холмы, покрытые игрой света, варьируют от глубокого изумрудного до ярко-жёлтого, создавая контраст с насыщенным синим небом и пушистыми облаками.

Каждый мазок отражает авторский стиль, где текстура холста добавляет глубину, а яркое солнце наполняет пространство мягким светом. Безмятежная атмосфера умиротворяет, словно время здесь остановилось. Эта картина станет ярким элементом в интерьере, наполняя его свежестью и гармонией, и привнесет частичку природы в повседневную жизнь. Оригинал, выполненный вручную, несет в себе индивидуальность и глубину, позволяя зрителю насладиться истинной красотой окружающего мира.",25x14.5 cm,12.06.2025,17500,Холст,акрил,"кисть, аэрография",Africa,Удивительный пейзаж с водопадом и зелеными холмами,"Погрузитесь в мир природы с картиной, изображающей водопад и зелёные холмы под ярким небом. Откройте для себя гармонию и спокойствие.","водопад, холмы, природа, пейзаж, небо, свет, краски, гармония, умиротворение, живопись"
mountain_lake,У подножия гор,"На картине, выполненной в импрессионистическом стиле, открывается завораживающий горный пейзаж, наполненный жизнью и гармонией. Спокойная водная гладь озера отражает яркие оттенки природы — от холодных синих до тёплых жёлтых, создавая эффект мерцания. Впереди яркие жёлтые растения, тянущиеся к небу, оживляют композицию, добавляя динамики. Горы на заднем плане, покрытые снежными вершинами, создают ощущение величия и глубины. Это произведение, пронизанное свежестью, станет изысканным предметом в любом интерьере, привнося атмосферу умиротворения и радости. Ручная работа и авторская идея художника делают его ценным и уникальным.",20x12.5 cm,22.07.2025,4500,Бумага,акрил,"кисть, аэрография",Africa,Импрессионистская картина с горами и озером,Эта живописная картина передает атмосферу горного озера и яркой растительности. Откройте для себя красоту природы в каждом мазке.,"импрессионизм, пейзаж, горы, озеро, природа, яркие растения, художник, ANAHART, живопись, цветовые контрасты"
air_wave_redsunset,Волна заката,"На картине запечатлён тропический пейзаж в момент, когда день встречается с ночью. Силуэты пальм, наклонённые к центру, создают естественную рамку для яркого солнца, которое словно растворяется в небесной палитре: от жёлтого до бордового. Тёплые оттенки фона пронизывают атмосферу спокойствия и мечтательности. Геометрические узоры, наложенные на поверхность, добавляют элемент загадочности и искусственности, придавая работе уникальность. Текстура холста, с её зернистостью, словно приглашает погрузиться в этот мир, где время замирает, а природа говорит на языке света и цвета.",32x18.8 cm,23.06.2025,7500,Холст,акрил,аэрография,Africa,Умиротворяющий пейзаж заката на тропическом побережье,"Яркий пейзаж заката с пальмами и морем, передающий атмосферу спокойствия и гармонии. Откройте для себя магию природы.","пейзаж, закат, тропическое побережье, пальмы, море, орнамент, атмосфера, гармония, природа, искусство"
air_wave_midnight,Атлантика в полночь,"На картине запечатлён фэнтезийный ночной пейзаж, где величественные волны, накатывающие на берег, словно замерли в моменте. Их гребни переливаются сиреневыми, зелёными и розовыми оттенками, создавая иллюзию магического света. Лунный свет, отражаясь в океане, придаёт сцене мистическую глубину, а тёмные силуэты пальм, грациозно раскинувших ветви, усиливают ощущение экзотического уединения. Размытые облака над головой, окрашенные в яркие цвета, создают атмосферу сновидения, где время теряет своё значение. Эта картина не просто украшение интерьера, а приглашение в мир фантазии и спокойствия, способное наполнять пространство гармонией и вдохновением.",32x23.6 cm,11.11.2025,17500,Бумага,акрил,аэрография,Africa,Загадочный тропический ночной пейзаж с луной и волнами,Откройте для себя атмосферный тропический пейзаж с мистическими волнами и яркой луной. Погрузитесь в мир волшебства и спокойствия.,"тропический пейзаж, ночной пейзаж, луна, волны, пальмы, мистическая атмосфера, цветные облака, сюрреализм, фэнтези, магия"
air_wave_sunrise,Атлантика на рассвете,"На картине запечатлён волшебный момент заката, когда природа словно замирает в ожидании ночи. Величественная волна, свернувшаяся в трубку, излучает золотистый свет, создавая эффект внутреннего сияния. Гладь воды отражает тёплые оттенки, а тропический утёс с пальмами добавляет экзотики и глубины. Тонкие линии и мягкие мазки придают сцене романтическую атмосферу, позволяя зрителю ощутить умиротворение. Оригинальность работы заключается в мастерском сочетании цвета и света, что делает её идеальным выбором для вашего интерьера. Гарантированно наполнит пространство теплом и гармонией.",31.6x23.6 cm,18.11.2025,17500,Бумага,акрил,аэрография,Africa,прибрежный пейзаж с закатом и волной на берегу,Картина с живописным пейзажем заката и мощной волной. Откройте для себя атмосферу спокойствия и гармонии природы.,"прибрежный пейзаж, закат, волна, тропическая природа, пальмы, гармония, свет, цвет, спокойствие, атмосфера"
sun_illusion,Солнечная иллюзия,"На картине представлен морской пейзаж, в котором волна, словно застывшая в моменте, заполняет пространство своим плавным изгибом. Тёмно-зелёные оттенки воды контрастируют с переливами изумрудного и бирюзового, придавая ощущение свежести. Небо, окутанное теплыми оранжевыми и розовыми тонами, создаёт атмосферу рассвета, а мягкое свечение солнца, окружённое абстрактными узорами, добавляет загадочности. Эта работа, с её рельефной текстурой и гармонией цветов, станет незаменимым предметом в вашем интерьере, принося умиротворение и вдохновение. Оригинальность ручной работы и глубина идеи делают картину уникальным произведением искусства.",29.2x16.2 cm,18.05.2025,7500,Холст,акрил,"аэрография, кисть",Africa,Морской пейзаж с волной и солнечным светом,Откройте для себя живописный морской пейзаж с волной и загадочным светом. Насладитесь гармонией природы и художественной абстракцией.,"морской пейзаж, волна, солнце, абстракция, живопись, природа, гармония, свет, текстура, атмосфера"
ocean_wave,Океанская волна,"На картине изображён завораживающий ночной тропический пейзаж, где основным героем становится океанский прибой. Его сине-голубые волны излучают магическое свечение, контрастируя с тёмным небом и ярко-белыми брызгами. Стройные пальмы, изгибающиеся под лёгким ветром, добавляют динамики и создают уютный каркас композиции. Насыщенные синие и фиолетовые оттенки неба, украшенные яркой луной и звёздами, погружают в атмосферу умиротворения и мечты. Эта картина дарит ощущение спокойствия и глубины природы. Оригинальная ручная работа передаёт уникальную энергетику ночи, наполняя пространство живостью и романтикой.",28.9x17.8 cm,12.03.2025,35000,Холст,акрил,"аэрография, кисть",Africa,Ночной тропический пейзаж с луной и пальмами у океана,"Откройте для себя магию ночного тропического пейзажа с волнами, луной и пальмами. Погрузитесь в атмосферу спокойствия и уединения.","тропический пейзаж, ночное небо, луна, пальмы, океан, волны, звёзды, искусство, живопись, природа"
pen_mushroom_field,Грибная поляна,"В этом ярком произведении искусства переплетаются природа и мистицизм, создавая уникальную атмосферу ночного ритуала. В центре — пылающий костёр, вокруг которого разрастается зелёная фауна: листья папоротника и поганки, словно охраняющие свет. Их формы и цвета — от глубоких зелёных до ярких акцентов — передают живую энергию. Темный фон усиливает тепло огня, а облака и луна добавляют загадочности. Композиция, полная деталей и движений, создает эффект глубины, заставляя зрителя погружаться в таинственный мир, где природа и огонь становятся единством.",32x23 cm,15.05.2025,35000,Бумага,,"цветные карандаши, линер",Africa,Мистическая ночная сцена с костром и растениями,Яркая картина с костром и растениями в ночном пространстве. Откройте для себя атмосферу магии и природы в этом удивительном произведении искусства.,"костёр, растения, грибы, ночная сцена, мистическая атмосфера, сюрреализм, психоделическая живопись, искусство"
mediterrain_sea,Средиземное море,"На картине запечатлён морской пейзаж, полный ярких контрастов и глубоких эмоций. Передний план оживляет море, где волны, переливаясь оттенками синего и зелёного, создают ощущение движения. Силуэт старинного корабля, почти неподвижного на фоне яркого заката, вносит нотку романтики и тайны. Солнечный диск разливает свет, окрашивая облака в тёплые тона, а берег, покрытый разноцветным песком, добавляет уют. Эта работа, созданная акрилом, не только привносит атмосферу спокойствия в интерьер, но и становится центром притяжения взглядов, благодаря своей глубине и текстуре.",50x35.6 cm,28.05.2025,50000,Холст,акрил,"кисть, аэрограф",Africa,Морской пейзаж с кораблем на закате: красота природы,"Уникальный морской пейзаж с яркими цветами, старинным кораблем и атмосферой заката. Откройте для себя гармонию природы и спокойствие момента.","морской пейзаж, закат, корабль, природа, акрил, волны, свет, облака, берег, спокойствие"
air_black_horizont,Атлантический океан,"На полотне ночное море захватывает зрителя своей величественной тишиной и загадочностью. Главная волна, словно яркое дыхание моря, закручивается к центру, переливаясь светом луны. Монохромные оттенки черного и серого подчеркивают драматизм момента, создавая ощущение глубокой связи с первозданной природой. Лунное сияние и легкое движение облаков образуют завораживающий контраст, погружая в атмосферу мечтательности и уединения. Каждый штрих передает динамику и силу стихии, а внимательное рассмотрение деталей приглашает к размышлениям о вечности и красоте ночного мира.",88.5x49x5 cm,02.08.2024,50000,Холст,акрил,аэрография,Africa,Ночное морское пространство с волной и луной в черно-белых тонах,Картина изображает мистическую ночь на море с волной и луной. Откройте для себя атмосферу уединения и величия природы.,"ночное море, волна, луна, черно-белая картина, мистическая атмосфера, природа, свет и тьма, художественное произведение, текстура воды, облака"
air_black_right,Атлантика. Правый берег.,"Ночной пейзаж, погружённый в приглушённые чёрно-серые оттенки, обретает магическую ауру благодаря мощной волне, словно застывшей в динамике, и полной луне, освещающей облака. Каждая деталь, от серебристых штрихов на воде до трепещущих пальм, создаёт ощущение таинственного уединения. Эта картина, обладающая глубиной и текстурой, наполнит пространство атмосферой силы природы и глубоких размышлений. Оригинал, выполненный вручную, дарит уникальную энергетику, способную вдохновлять и завораживать.",50x32.5 cm,04.09.2024,35000,Холст,акрил,аэрография,Africa,Ночной пейзаж с луной и волнами на тропическом острове,"Загадочный ночной пейзаж с луной, волнами и пальмами. Откройте для себя атмосферу таинственного побережья.","ночной пейзаж, полная луна, волны, пальмы, тропический остров, мистическая атмосфера, море, облака, свет и тень"
air_black_left,Атлантика. Левый берег.,"Величественный ночной морской пейзаж погружает в атмосферу загадочности и умиротворения. Яркая луна, окутанная причудливыми облаками, служит центральным элементом, ее холодный свет мягко подсвечивает динамичную волну, готовую сомкнуться в тоннель. Текстура воды, переливающаяся в градациях черного, серого и белого, создает ощущение глубины и движения, в то время как тёмные силуэты на краю напоминают о тропическом берегу. Эта картина  вызывает вдохновение и меланхолию, позволяя погрузиться в красоту природы и ее загадочные тайны.",50x32.5 cm,19.08.2024,35000,Холст,акрил,аэрография,Africa,ночной морской пейзаж с луной и волнами,Загадочный ночной морской пейзаж с луной и волнами. Откройте для себя атмосферу спокойствия и величия природы.,"ночной пейзаж, луна, морская волна, облака, отражение, природа, спокойствие, загадочность, красота"
snowy_peaks,Снежные вершины,"На картине изображён умиротворяющий природный пейзаж, пронизанный атмосферой тишины и гармонии. Величественная снежная гора, окутанная легкой дымкой, выделяется на фоне мягкого голубого неба, где яркий диск света создает ощущение волшебного момента. Передний план украшен густыми зелеными деревьями, чьи ветви словно танцуют в легком ветре. Спокойное озеро отражает красоту окружающего мира, удваивая его великолепие. Каждая деталь, от текстуры травы до нежных оттенков на склонах горы, передает глубину и эмоциональную насыщенность, приглашая зрителя насладиться мгновением единения с природой. Эта работа станет источником вдохновения, напоминая о красоте и первозданности окружающего мира.",29x25.5 cm,13.06.2025,17500,Холст,акрил,"кисть,аэрограф",Africa,умиротворённый пейзаж с горой и озером в реалистичном стиле,Картина изображает спокойный пейзаж с величественной горой и отражением в озере. Откройте для себя красоту природы и её гармонию.,"пейзаж, гора, озеро, природа, реализм, импрессионизм, спокойствие, гармония, растительность, отражение"
plain_sunset,Закат. С натуры.,"На картине изображён живописный атлантический закат, выполненный широкими мазками, которые погружают в атмосферу вечернего покоя. Солнце, частично скрытое горизонтом, излучает светло-жёлтые лучи, создавая ощущение тепла и уюта. Насыщенные оттенки рыжего и оранжевого в небе контрастируют с глубокими синими и зелёными волнами воды, отражающими этот огненный спектр. Грубые чёрные мазки на переднем плане, скорее всего, символизируют берег, добавляя глубину и укрывая в себе тени. Эта работа, свободная от деталей, акцентирует внимание на эмоциях и взаимодействии света и цвета, идеально впишется в интерьер, привнося нотку умиротворения и визуальной динамики.",20x14 cm,25.05.2025,1500,Бумага,акрил,кисть,Africa,Атлантический закат: живописный пейзаж с водой и солнцем,Картина изображает вечерний закат над водой с яркими цветами и динамичными мазками. Откройте для себя атмосферу умиротворения и природной красоты.,"закат, пейзаж, вода, солнце, мазки, живопись, природа, вечер, атмосфера, импрессионизм"
the_beach,Пляж,"На этом холсте развертывается живописный морской пейзаж, который притягивает взгляд своей мягкой гармонией и насыщенными цветами. Песчаный берег, словно обнявший море, плавно переходит в зелёные скалы и густую растительность, создавая контраст между теплом земли и прохладой воды. Яркие бирюзовые и насыщенные коричневые оттенки передают ощущение свежести, а белые мазки волн придают динамику. Эта картина, выполненная с любовью и мастерством, наполнит пространство умиротворением и светом.",30x23.5 cm,15.03.2025,35000,Холст на картоне,акрил,"кисть,аэрограф",Africa,Морской пейзаж: гармония природы и яркие цвета,Откройте для себя живописный морской пейзаж с песчаным берегом и зелеными пальмами. Почувствуйте атмосферу спокойствия и уединения.,"морской пейзаж, песчаный берег, природа, акрил, масляные краски, пальмы, горы, светотень, гармония, спокойствие"
plain_beach_morocco,Пляж в Марокко. С натуры.,"На картине, изображающей пляж в Марокко, пленэрная техника создает атмосферу легкости и умиротворения. Три горизонтальных слоя — зелёный берег, холодное синее море и нежное небо — плавно переходят друг в друга, словно дышат. Мазки акварели передают текстуру травы и движения воды, а туманные оттенки жёлтого и зелёного вокруг солнца создают ощущение раннего утра или заката. Эта работа, свободная от людского присутствия, приглашает зрителя насладиться гармонией природы, привнося в интерьер спокойствие и тепло. Оригинальная ручная работа художника Anahart, с её глубиной и эмоциональностью, станет акцентом в любом пространстве.",20x14 cm,25.05.2025,4500,Бумага,акрил,кисть,Africa,Пейзажная картина Атлантического океана в Марокко,"Откройте для себя живописный пейзаж с берегом, морем и солнцем. Эта картина передает атмосферу спокойствия и гармонии природы.","пейзаж, Атлантический океан, Марокко, акварель, природа, спокойствие, солнце, берег, живопись, художественное произведение"
gornaya_doroga,Горная дорогая,"Картина восхищает своей яркой палитрой и мастерской передачей атмосферы природы. Уходящая вдаль дорога, обрамленная величественными горами и густыми лесами, манит зрителя в путешествие сквозь пространство и время. Насыщенные коричневые и золотистые оттенки гор контрастируют с мягкими небесными тонами, создавая ощущение гармонии и спокойствия. Эта работа — не просто украшение интерьера, но и источник вдохновения, позволяющий каждому ощутить величие природы и стремление к новым открытиям.",34x25.6 cm,28.03.2025,22500,Холст,акрил,кисть,Africa,Живописный пейзаж с дорогой и величественными горами,"Откройте для себя красоту природы в картине с дорогой, лесами и горами. Погрузитесь в атмосферу вдохновения и свободы.","пейзаж, дорога, горы, природа, лес, закат, восход, текстуры, цвет, путешествие"
winter_forest,Зимний лес.,"Зимний лес, усыпанный снегом, словно замер в ожидании. Картина, выполненная в пастельных тонах, передаёт интимное спокойствие морозного утра. Белоснежные берёзы с чёрными полосами устремляются к небу, создавая вертикальные линии, которые обрамляют замёрзшее озеро, отражающее мягкое сияние солнца. Холодные голубые и сиреневые оттенки, мягкие мазки кисти — всё это вызывает ощущение лёгкости и свежести. Отсутствие людей и животных усиливает атмосферу уединения, позволяя зрителю погрузиться в тишину зимнего леса, где каждый штрих наполняет пространство нежностью и поэзией.",26.2x18.5 cm,25.03.2025,11500,Холст,акрил,кисть,Africa,Зимний лесной пейзаж: спокойствие и романтика природы,"Откройте для себя зимнюю лесную сцену с берёзами и солнечным светом, создающую атмосферу умиротворения и загадочности.","зимний пейзаж, лес, берёзы, снег, озеро, солнце, атмосфера, природа, живопись, пастельные тона"
winter_river,Зимняя река.,"Зимняя сцена, запечатлённая на холсте, передаёт невероятное ощущение умиротворения и тишины. Ручей, сверкающий под тёплыми лучами солнца, становится центром композиции, отражая нежные оттенки жёлтого и зелёного. Окружённый пушистым снегом, он словно приглашает зрителя остановиться и насладиться мгновением. Деревья с тонкими стволами мирно тянут свои ветви к небу, создавая контраст с холодной зимней атмосферой. Небо, переходящее от голубого до фиолетового, добавляет глубину, а летающие птицы придают лёгкость. Эта картина будет гармонично смотреться в интерьере, создавая акцент на красоте природы и способствуя расслаблению. Ручная работа художника, видимые мазки и авторская идея делают её поистине уникальной.",26.8x18.2 cm,23.03.2025,11500,Холст,акрил,кисть,Africa,Зимняя акварельная сцена с ручьем и деревьями на холсте,"Откройте для себя зимнюю картину с ручьем, деревьями и закатом. Эта живописная сцена передает атмосферу спокойствия и гармонии с природой.","зима, акварель, ручей, деревья, закат, природа, холст, снег, тишина, пейзаж"
mountain_golden_autumn,Золотая осень в горах.,"На картине запечатлено величие горного пейзажа, где каждая деталь дышит энергией природы. Величественная гора, с острыми вершинами и снежными шапками, доминирует над сценой, её рельеф передан через игру холодных голубых и теплых сиреневых тонов. Лес в переднем плане, с динамичными штрихами черного и зеленого, создает контраст и глубину, а яркие акценты на траве добавляют ощущение тепла. Небо, плавно переходящее от синевы к розовым бликам, завершает композицию, вызывая чувство легкости и радости. Эта работа — не просто картина, а живое дыхание природы, способное наполнить интерьер атмосферой гармонии и спокойствия. Подписи художника и дата добавляют уникальности, подчеркивая ценность оригинала.",31.8x23.2 cm,07.05.2025,15000,Бумага,,цветные карандаши,Africa,Яркий горный пейзаж с лесом и небом в пастельных тонах,"Насладитесь живописным горным пейзажем с лесом и небом, выполненным в ярких пастельных оттенках. Откройте для себя красоту природы.","горный пейзаж, лес, небо, пастель, природа, цветные карандаши, экспрессивное искусство, яркие цвета, свет и тень"
expression_wave,Волна экспрессии.,"На картине запечатлён волнующий момент заката, где природа раскрывается в своём великолепии. Центральная волна, разбивающаяся о берег, выполнена в ярких голубых и белых тонах, словно стремится передать динамику моря. Песок, окрашенный в рыжие и жёлтые оттенки, отражает солнечное сияние, создавая ощущение уюта и тепла. Высокая скала с пальмами придаёт композиции глубину, а разнообразие зелени добавляет немного сказочной ноты. Небо, играя яркими цветами, словно оживляет вечернюю атмосферу, приглашая к размышлениям о красоте мгновения. Эта картина станет эмоциональным акцентом в интерьере, наполняя пространство светом и гармонией природы.",20.1x14.2 cm,04.10.2025,2500,Бумага,,цветные карандаши,Africa,Красочный пейзаж заката у моря с волной и пальмами,"Уникальный пейзаж заката на пляже, где волны разбиваются о берег. Откройте для себя красоту природы и атмосферу южного вечера.","пейзаж, закат, море, волна, пляж, пальмы, природа, искусство, цветные карандаши, пастель"
mountain_crystal,Горные пики.,"На картине, выполненной цветными карандашами, раскрывается изысканная гармония северного пейзажа. Величественные горы, покрытые нежным снегом и окутанные утренним светом, задают тон всему изображению. Их холодные оттенки плавно переходят в зелено-синие склоны, создавая ощущение глубины. Спокойное озеро, отражающее красоты окружающей природы, излучает умиротворение и тишину. В сочетании с высокими хвойными деревьями, тщательно прорисованными до мельчайших деталей, работа наполняет пространство свежестью и легкостью. Мягкие линии и насыщенные цвета делают картину не только визуальным акцентом, но и источником спокойствия, идеально вписывающимся в интерьер. Оригинальность ручной работы придаёт ей особую ценность, позволяя зрителю прикоснуться к авторской идее и почувствовать атмосферу уединённой природы.",16x11.5 cm,27.05.2025,7500,Бумага,,"цветные карандаши, линер",Africa,Горный пейзаж с озером и деревьями: живописная картина,"Яркая картина с горным пейзажем, озером и хвойными деревьями. Откройте для себя красоту природы и умиротворение в этом произведении искусства.","пейзаж, горы, озеро, деревья, природа, живопись, цветные карандаши, спокойствие, отражения, атмосфера"
pencil_wave,Волна карандашами.,"Картина, созданная с использованием цветных карандашей и чернил, представляет собой завораживающий тропический пейзаж, который словно приглашает в мир мечты. Яркие оттенки голубого, бирюзового и оранжевого создают ощущение легкости и тепла, в то время как плавные линии волн и песка передают динамику природы. Декоративная рамка из переплетающихся листьев добавляет глубину и выразительность, подчеркивая уникальность работы. Это произведение станет акцентом в интерьере, наполняя пространство атмосферой умиротворения и сказочности. Оригинальность ручной работы и авторская идея делают его ценным вложением для ценителей искусства.",23.1x15.9 cm,01.04.2025,15000,Бумага,,"цветные карандаши, линер, маркер",Africa,Тропический морской пейзаж с яркой рамкой и волшебной атмосферой,Откройте для себя тропический пейзаж с яркими цветами и уникальной рамкой. Эта картина погружает в мир гармонии и красоты природы.,"тропический пейзаж, морской пейзаж, картина, закат, природа, цветные карандаши, рамка, волны, пляж, художник Navarette"
sarasvati_devi_ma,Сарасвати Деви Ма,"На полотне, насыщенном яркими оттенками золота, оранжевого и зелёного, изображена богиня Сарасвати, обладающая необыкновенным очарованием. Её наряд, выполненный с изысканной детализацией, привлекает внимание множеством орнаментов, подчеркивающих статус и утонченность. Тёплый фон и мягкие линии придают картине атмосферу умиротворения и божественности. Внимание к каждой детали, от чёток до музыкального инструмента, создает ощущение живой энергии. Эта работа станет не просто элементом декора, но источником вдохновения, наполняя пространство гармонией и духовной глубиной.",26.5x17.3 cm,28.08.2025,35000,Холст,акрил,кисть,Africa,Богиня Сарасвати: яркая картина индийского искусства,"Узнайте о картине с богиней Сарасвати, её наряде и символизме. Откройте для себя красоту индийской культуры через искусство.","Сарасвати, индийская культура, картина, богиня, искусство, украшения, сари, музыкальный инструмент, духовность, цветы"
pencil_color_waterfall,Водопад. Набросок цветными карандашами.,"На небольшом рисунке, выполненном цветными карандашами, запечатлен водопад, стремящийся вниз по темной скале, обрамленной зеленью. Светлые оттенки желтого и голубого в верхней части создают атмосферу солнечного света, пробивающегося сквозь листву, в то время как на переднем плане играют цвета воды — синие, фиолетовые и коричневые, отражающие окружающий мир. Энергия потока и игра света передают ощущение свежести и гармонии природы. Подпись автора добавляет индивидуальности, делая этот рисунок уникальным акцентом в интерьере, способным наполнять пространство умиротворением и живостью.",20.2x14.2 cm,17.05.2025,3500,Бумага,,цветные карандаши,Africa,Пейзаж с водопадом: яркий рисунок цветными карандашами,"Исследуйте живописный рисунок водопада, наполненный светом и цветом. Откройте для себя гармонию природы и умиротворение.","водопад, пейзаж, рисунок, цветные карандаши, природа, лето, свет, тень, экспрессивность, гармония"
plain_kasbah,Бухта в Касба. С натуры. Марокко,"На картине, запечатлевшей морское побережье в ясный солнечный день, ощущается мощь и гармония природы. Насыщенные синие и бирюзовые оттенки воды, динамичные белые мазки волн создают живое ощущение движения, в то время как мягкие коричневые и зеленые тона берега придают глубину. Прозрачное небо с едва заметными облаками и лучами света наполняет сцену теплом и легкостью. Эта работа не только украшает интерьер, но и погружает в атмосферу умиротворения и свободы, позволяя зрителю стать частью этой безмолвной красоты. Оригинальная ручная работа художника передает уникальную энергию, которую невозможно воспроизвести.",20x14.2 cm,05.09.2025???,7500,Бумага,акрил,кисть,Africa,живописное морское побережье в ярких цветах,"Картина изображает морское побережье с волнами и берегом, создавая атмосферу умиротворения и свежести. Откройте для себя красоту природы.","морское побережье, волны, береговая линия, пейзаж, природа, умиротворение, свежесть, свет, цвет, текстура"
pencil_marrakech,Окраины Мараккеша.,"На этом ярком рисунке, выполненном цветными карандашами, оживает марокканская сцена, наполненная жизнью и историей. Центральная крепостная стена, изображенная в теплых оттенках охры и терракоты, словно охраняет это место, создавая атмосферу защищенности. За ней раскинулись стройные пальмы, их пышные кроны добавляют экзотики и динамики. Величественные горы на заднем плане, выполненные в пастельных тонах, подчеркивают масштаб и красоту пейзажа. Чистое голубое небо усиливает ощущение солнечного спокойствия. Эта работа станет акцентом в интерьере, привнося в него тепло и гармонию, а ручная техника исполнения подчеркивает уникальность и авторскую идею.",20x14.2 cm,28.05.2025,2500,Бумага,,цветные карандаши,Africa,живописный рисунок марокканского города с крепостной стеной,"Откройте для себя красоту марокканского пейзажа с крепостной стеной, пальмами и горами. Погрузитесь в атмосферу гармонии и спокойствия.","марокко, крепостная стена, пальмы, горы, природа, архитектура, пейзаж, цветные карандаши, рисунок, искусство"
pencil_pinksunset,Розовый закат в горах.,"На белом листе бумаги оживает живописный пейзаж, в центре которого покойное озеро, отражающее окружающую природу. Глубокие тёмно-зелёные, пурпурные и голубые оттенки воды создают эффект прозрачности, наполняя композицию легкостью. Высокие сосны и ели, обрамляющие сцену, своим смешением цветов передают текстуру и основательность, создавая атмосферу прохлады и уединенности. Снежная вершина горы, мягко подсвеченная утренним светом, добавляет величия. Нежные облака на ярком голубом небе завершают эту идиллию. Ручная работа автора, с игрой цветовых градиентов, вызывает ощущение волшебства и свежести, идеально вписываясь в интерьер, наполняя пространство гармонией и спокойствием.",20.2x14.2 cm,17.05.2025,3500,Бумага,,"цветные карандаши, гелевая ручка",Africa,живописный пейзаж с озером и горами в цветных карандашах,"Изучите этот живописный пейзаж с озером и горами, выполненный цветными карандашами. Откройте для себя атмосферу природы и гармонии.","пейзаж, озеро, горы, цветные карандаши, природа, спокойствие, рисунок, этюд, свежесть, гармония"
pencil_vishnu_naradamuni,Вишну и Нарада Муни.,"На картине изображена фигура с голубой кожей, облачённая в роскошную одежду, полную деталей и украшений. Она уверенно держит в руках золотой диск, струнный инструмент и жезл с белыми лепестками, что символизирует духовную силу и гармонию. Яркие цвета — красный, золотой, синий и зелёный — создают живое энергетическое поле вокруг персонажа, придавая ему божественный оттенок. Ореол из концентрических кругов подчеркивает мистическую атмосферу, а плавные линии и текстуры добавляют глубину и индивидуальность. Эта работа станет акцентом в интерьере, наполняя пространство теплом и гармонией, а её авторская техника и внимание к деталям делают её поистине уникальной.",20x14.2 cm,21.09.2025,3500,Бумага,,цветные карандаши,Africa,Мистическая картина с божественной фигурой и ореолом,Изучите детальную иллюстрацию божественной фигуры с голубой кожей и ярким ореолом. Откройте для себя символику и атмосферу искусства.,"картина, божественная фигура, ореол, голубая кожа, символика, искусство, индийский стиль, музыкальный инструмент, украшения, мистическое настроение"
pencil_buddha,Будда Сиддхартха Гаутама Шакьямуни.,"Картина изображает человека, погружённого в медитацию под величественным деревом. Яркая оранжево-жёлтая накидка контрастирует с зеленью вокруг, создавая ощущение тепла и уюта. Центральная фигура, с поднятой правой рукой в жесте мудры, излучает спокойствие и глубокую осознанность. Дерево, обвивающее её, символизирует связь с природой и защиту. Тёплые и пастельные оттенки дополняют атмосферу умиротворения. Эта работа станет акцентом в интерьере, придавая ему духовный смысл и визуальную гармонию.",19.4x14.2 cm,21.09.2025,3500,Бумага,,цветные карандаши,Africa,Медитация под деревом: духовное просветление в искусстве,Изображение человека в позе лотоса под деревом символизирует внутренний покой и гармонию с природой. Откройте для себя эту глубокую композицию.,"медитация, духовное просветление, буддийский монах, поза лотоса, природа, гармония, искусство, символизм, спокойствие, уют"
pencil_narashimha,Нрисимха Дэв.,"На картине, выполненной цветными карандашами и пастелью, ярко переплетаются мифология и религия, создавая уникальный визуальный опыт. Центральная фигура — человек-лев — излучает мощь и гнев, его мускулистое тело и яркое одеяние в жёлто-оранжевых тонах контрастируют с холодными оттенками змеиного фона. Энергия, запечатлённая в динамичных движениях, заставляет зрителя ощутить напряжение момента расправы Нарасимхи над демоном. Каждая деталь, от резких штрихов до индивидуальных выражений змеев, придаёт картине глубину и эмоциональную насыщенность, становясь акцентом в любом интерьере.",19.5x14.2 cm,21.09.2025,3500,Бумага,,цветные карандаши,Africa,Человек-лев в мифологическом искусстве: расправа Нарасимхи,Яркий рисунок с человеком-львом и многоглавой змеей. Откройте для себя мощь мифологии и религиозного искусства в этой экспрессивной композиции.,"человек-лев, Нарасимха, мифология, индийское искусство, расправа, змея, религиозное произведение, эмоции, цветные карандаши, пастель"